review_text,rating,date,category
Outstanding performance. Battery life is exceptional. Great brand.,5,2024-11-09,Home & Kitchen
Outstanding performance. Battery life is exceptional. Great brand.,4,2024-09-21,Sports
Excellent performance and fast delivery. Will definitely buy again.,5,2025-05-29,Home & Kitchen
"Super easy to use, intuitive interface. Works perfectly as described.",5,2025-09-06,Home & Kitchen
Perfect product for the price. Fast shipping and well packaged.,4,2026-05-19,Sports
Great value for money. The design is sleek and modern. Highly recommend!,5,2025-11-15,Fashion
"Super easy to use, intuitive interface. Works perfectly as described.",5,2026-06-26,Electronics
Best product I have ever bought. Customer service was fantastic too.,5,2026-07-03,Home & Kitchen
Highly recommend this product. Excellent features and top notch quality.,4,2025-08-11,Fashion
Incredible build quality. Very sturdy and reliable. Love the design!,5,2026-06-12,Home & Kitchen
Excellent performance and fast delivery. Will definitely buy again.,5,2026-07-15,Home & Kitchen
Highly recommend this product. Excellent features and top notch quality.,5,2025-03-27,Sports
Late delivery and damaged packaging. Very disappointed.,2,2025-12-27,Home & Kitchen
Customer support was rude and unhelpful. Will not buy again.,2,2025-10-19,Fashion
"Not bad, not great. Some features could be improved.",3,2024-08-14,Fashion
Stopped working after first use. Defective product. Avoid this brand.,2,2026-05-25,Fashion
Perfect product for the price. Fast shipping and well packaged.,4,2026-05-13,Electronics
"Hard to use, very confusing instructions. Waste of money.",1,2024-10-07,Fashion
Great value for money. The design is sleek and modern. Highly recommend!,5,2024-09-10,Sports
Decent product overall. Has some minor issues but functional.,3,2025-03-14,Sports
"Not bad, not great. Some features could be improved.",3,2026-03-04,Electronics
Average quality. Price is fair for what you get.,3,2026-06-14,Fashion
Outstanding performance. Battery life is exceptional. Great brand.,5,2024-09-01,Fashion
Great value for money. The design is sleek and modern. Highly recommend!,5,2024-11-11,Sports
Product is okay. Nothing special but does the job.,3,2026-07-12,Home & Kitchen
Incredible build quality. Very sturdy and reliable. Love the design!,4,2025-12-22,Sports
Great value for money. The design is sleek and modern. Highly recommend!,4,2025-11-18,Fashion
"Not bad, not great. Some features could be improved.",3,2025-03-19,Sports
Works as expected. Delivery was on time. Pretty standard.,3,2025-01-22,Fashion
Customer support was rude and unhelpful. Will not buy again.,1,2025-11-16,Home & Kitchen
Terrible customer service. Product stopped working after one month.,1,2024-12-20,Electronics
Best product I have ever bought. Customer service was fantastic too.,5,2025-08-20,Fashion
Late delivery and damaged packaging. Very disappointed.,1,2025-11-28,Home & Kitchen
Perfect product for the price. Fast shipping and well packaged.,5,2024-10-22,Fashion
Great value for money. The design is sleek and modern. Highly recommend!,4,2025-04-17,Sports
"Super easy to use, intuitive interface. Works perfectly as described.",5,2025-11-25,Fashion
"Premium quality, exactly what I expected. Very satisfied with my purchase.",4,2025-04-01,Electronics
"Amazing quality product, very durable and well-made. Worth every penny!",4,2025-10-22,Home & Kitchen
Works as expected. Delivery was on time. Pretty standard.,3,2026-03-26,Electronics
"Amazing quality product, very durable and well-made. Worth every penny!",4,2026-07-15,Home & Kitchen
Incredible build quality. Very sturdy and reliable. Love the design!,4,2025-12-04,Electronics
Excellent performance and fast delivery. Will definitely buy again.,5,2024-09-13,Home & Kitchen
Best product I have ever bought. Customer service was fantastic too.,4,2026-01-14,Sports
"Premium quality, exactly what I expected. Very satisfied with my purchase.",5,2024-11-14,Home & Kitchen
"Amazing quality product, very durable and well-made. Worth every penny!",4,2026-01-11,Home & Kitchen
Works as expected. Delivery was on time. Pretty standard.,3,2024-09-25,Fashion
Works as expected. Delivery was on time. Pretty standard.,3,2025-08-05,Sports
Late delivery and damaged packaging. Very disappointed.,2,2024-08-05,Fashion
"Hard to use, very confusing instructions. Waste of money.",2,2025-01-12,Home & Kitchen
"Not worth the price at all. Very poor quality, flimsy material.",2,2025-03-31,Home & Kitchen
Overpriced and underperformed. The design looks cheap in person.,2,2024-11-13,Sports
Average quality. Price is fair for what you get.,3,2024-10-31,Electronics
"Amazing quality product, very durable and well-made. Worth every penny!",4,2025-09-16,Home & Kitchen
Stopped working after first use. Defective product. Avoid this brand.,2,2026-07-08,Electronics
Great value for money. The design is sleek and modern. Highly recommend!,5,2026-05-24,Fashion
Late delivery and damaged packaging. Very disappointed.,1,2024-10-30,Fashion
"Not bad, not great. Some features could be improved.",3,2025-11-05,Sports
Perfect product for the price. Fast shipping and well packaged.,5,2025-08-13,Home & Kitchen
Decent product overall. Has some minor issues but functional.,3,2024-09-04,Fashion
Product is okay. Nothing special but does the job.,3,2025-06-14,Electronics
Outstanding performance. Battery life is exceptional. Great brand.,5,2026-03-04,Sports
Product is okay. Nothing special but does the job.,3,2024-08-28,Fashion
"Premium quality, exactly what I expected. Very satisfied with my purchase.",4,2024-09-15,Home & Kitchen
"Not worth the price at all. Very poor quality, flimsy material.",2,2025-10-07,Sports
Product is okay. Nothing special but does the job.,3,2025-10-06,Sports
"Super easy to use, intuitive interface. Works perfectly as described.",4,2024-09-26,Fashion
"Amazing quality product, very durable and well-made. Worth every penny!",4,2026-01-26,Fashion
"Super easy to use, intuitive interface. Works perfectly as described.",5,2026-06-10,Fashion
"Super easy to use, intuitive interface. Works perfectly as described.",5,2024-08-16,Electronics
"Super easy to use, intuitive interface. Works perfectly as described.",4,2026-02-06,Fashion
Excellent performance and fast delivery. Will definitely buy again.,5,2024-12-28,Home & Kitchen
Overpriced and underperformed. The design looks cheap in person.,2,2024-10-29,Fashion
Average quality. Price is fair for what you get.,3,2024-10-16,Sports
Highly recommend this product. Excellent features and top notch quality.,5,2025-06-19,Sports
Decent product overall. Has some minor issues but functional.,3,2024-09-03,Sports
Excellent performance and fast delivery. Will definitely buy again.,5,2025-02-07,Fashion
Perfect product for the price. Fast shipping and well packaged.,5,2026-06-27,Electronics
Great value for money. The design is sleek and modern. Highly recommend!,4,2026-04-16,Home & Kitchen
Incredible build quality. Very sturdy and reliable. Love the design!,5,2026-05-27,Electronics
"Premium quality, exactly what I expected. Very satisfied with my purchase.",5,2025-08-09,Electronics
"Premium quality, exactly what I expected. Very satisfied with my purchase.",4,2025-04-29,Electronics
"Super easy to use, intuitive interface. Works perfectly as described.",4,2024-11-04,Electronics
"Premium quality, exactly what I expected. Very satisfied with my purchase.",4,2025-08-01,Sports
"Not bad, not great. Some features could be improved.",3,2024-09-29,Electronics
Terrible customer service. Product stopped working after one month.,2,2024-09-26,Electronics
Great value for money. The design is sleek and modern. Highly recommend!,5,2025-08-05,Electronics
Incredible build quality. Very sturdy and reliable. Love the design!,5,2024-10-14,Home & Kitchen
Customer support was rude and unhelpful. Will not buy again.,2,2026-04-12,Home & Kitchen
Perfect product for the price. Fast shipping and well packaged.,5,2025-10-18,Electronics
Decent product overall. Has some minor issues but functional.,3,2025-11-12,Sports
Great value for money. The design is sleek and modern. Highly recommend!,5,2024-08-19,Electronics
"Super easy to use, intuitive interface. Works perfectly as described.",4,2026-04-14,Home & Kitchen
Stopped working after first use. Defective product. Avoid this brand.,2,2025-12-11,Home & Kitchen
Incredible build quality. Very sturdy and reliable. Love the design!,4,2025-11-05,Home & Kitchen
Average quality. Price is fair for what you get.,3,2025-02-10,Home & Kitchen
Average quality. Price is fair for what you get.,3,2026-01-18,Sports
Great value for money. The design is sleek and modern. Highly recommend!,5,2025-08-26,Electronics
Outstanding performance. Battery life is exceptional. Great brand.,5,2025-11-01,Electronics
"Hard to use, very confusing instructions. Waste of money.",1,2024-09-21,Fashion
"Amazing quality product, very durable and well-made. Worth every penny!",5,2024-08-25,Sports
"Not worth the price at all. Very poor quality, flimsy material.",1,2025-05-26,Fashion
Late delivery and damaged packaging. Very disappointed.,1,2025-06-15,Fashion
Excellent performance and fast delivery. Will definitely buy again.,4,2026-06-12,Sports
Outstanding performance. Battery life is exceptional. Great brand.,5,2024-11-22,Home & Kitchen
Very expensive for the quality offered. Broke after 2 weeks of use.,1,2026-01-02,Home & Kitchen
Decent product overall. Has some minor issues but functional.,3,2026-05-03,Electronics
Perfect product for the price. Fast shipping and well packaged.,5,2024-09-09,Home & Kitchen
Outstanding performance. Battery life is exceptional. Great brand.,5,2024-08-27,Sports
Excellent performance and fast delivery. Will definitely buy again.,4,2026-04-12,Fashion
"Hard to use, very confusing instructions. Waste of money.",1,2025-07-13,Sports
Product is okay. Nothing special but does the job.,3,2025-10-17,Electronics
Perfect product for the price. Fast shipping and well packaged.,4,2024-08-17,Sports
Perfect product for the price. Fast shipping and well packaged.,5,2025-10-25,Sports
Customer support was rude and unhelpful. Will not buy again.,2,2024-12-30,Sports
"Super easy to use, intuitive interface. Works perfectly as described.",4,2025-06-16,Electronics
Decent product overall. Has some minor issues but functional.,3,2025-03-20,Electronics
Product is okay. Nothing special but does the job.,3,2026-06-08,Electronics
Terrible customer service. Product stopped working after one month.,1,2025-06-14,Sports
Great value for money. The design is sleek and modern. Highly recommend!,5,2025-11-24,Sports
Perfect product for the price. Fast shipping and well packaged.,5,2025-03-12,Electronics
Incredible build quality. Very sturdy and reliable. Love the design!,5,2026-01-30,Home & Kitchen
Highly recommend this product. Excellent features and top notch quality.,4,2026-06-18,Electronics
Outstanding performance. Battery life is exceptional. Great brand.,5,2025-08-09,Fashion
Incredible build quality. Very sturdy and reliable. Love the design!,5,2026-03-07,Fashion
Great value for money. The design is sleek and modern. Highly recommend!,5,2026-01-16,Sports
Highly recommend this product. Excellent features and top notch quality.,4,2026-03-13,Sports
Excellent performance and fast delivery. Will definitely buy again.,5,2026-05-20,Fashion
Perfect product for the price. Fast shipping and well packaged.,5,2025-06-25,Electronics
Perfect product for the price. Fast shipping and well packaged.,5,2025-07-13,Electronics
Overpriced and underperformed. The design looks cheap in person.,1,2026-03-05,Home & Kitchen
"Super easy to use, intuitive interface. Works perfectly as described.",4,2025-12-16,Sports
Late delivery and damaged packaging. Very disappointed.,1,2024-09-26,Fashion
Perfect product for the price. Fast shipping and well packaged.,4,2026-02-24,Sports
Overpriced and underperformed. The design looks cheap in person.,2,2025-10-31,Fashion
Works as expected. Delivery was on time. Pretty standard.,3,2026-07-05,Home & Kitchen
"Hard to use, very confusing instructions. Waste of money.",2,2025-06-04,Fashion
Highly recommend this product. Excellent features and top notch quality.,4,2026-04-18,Fashion
Excellent performance and fast delivery. Will definitely buy again.,4,2026-06-06,Fashion
Overpriced and underperformed. The design looks cheap in person.,1,2026-02-22,Electronics
Best product I have ever bought. Customer service was fantastic too.,5,2025-01-05,Sports
Terrible customer service. Product stopped working after one month.,1,2025-11-03,Electronics
Average quality. Price is fair for what you get.,3,2026-07-07,Fashion
"Not worth the price at all. Very poor quality, flimsy material.",1,2026-07-12,Sports
"Premium quality, exactly what I expected. Very satisfied with my purchase.",5,2025-12-05,Sports
"Super easy to use, intuitive interface. Works perfectly as described.",5,2025-12-12,Home & Kitchen
Very expensive for the quality offered. Broke after 2 weeks of use.,1,2024-11-14,Electronics
"Amazing quality product, very durable and well-made. Worth every penny!",4,2025-02-14,Fashion
Customer support was rude and unhelpful. Will not buy again.,1,2025-05-06,Sports
Decent product overall. Has some minor issues but functional.,3,2024-08-02,Home & Kitchen
"Super easy to use, intuitive interface. Works perfectly as described.",5,2026-07-16,Sports
Best product I have ever bought. Customer service was fantastic too.,4,2025-03-16,Fashion
Outstanding performance. Battery life is exceptional. Great brand.,4,2025-11-09,Home & Kitchen
Great value for money. The design is sleek and modern. Highly recommend!,5,2025-10-22,Electronics
Decent product overall. Has some minor issues but functional.,3,2025-06-11,Fashion
Incredible build quality. Very sturdy and reliable. Love the design!,5,2024-12-16,Sports
"Premium quality, exactly what I expected. Very satisfied with my purchase.",5,2025-09-14,Home & Kitchen
Works as expected. Delivery was on time. Pretty standard.,3,2025-05-08,Sports
Product is okay. Nothing special but does the job.,3,2026-02-01,Electronics
"Not bad, not great. Some features could be improved.",3,2025-01-21,Sports
"Amazing quality product, very durable and well-made. Worth every penny!",5,2026-03-01,Fashion
Very expensive for the quality offered. Broke after 2 weeks of use.,2,2026-05-09,Home & Kitchen
Average quality. Price is fair for what you get.,3,2025-12-24,Home & Kitchen
Works as expected. Delivery was on time. Pretty standard.,3,2026-03-28,Electronics
"Premium quality, exactly what I expected. Very satisfied with my purchase.",5,2025-07-22,Fashion
Great value for money. The design is sleek and modern. Highly recommend!,5,2024-09-18,Electronics
Stopped working after first use. Defective product. Avoid this brand.,2,2026-05-27,Sports
Terrible customer service. Product stopped working after one month.,2,2024-09-03,Electronics
"Premium quality, exactly what I expected. Very satisfied with my purchase.",4,2025-11-26,Fashion
Excellent performance and fast delivery. Will definitely buy again.,4,2026-05-05,Home & Kitchen
Product is okay. Nothing special but does the job.,3,2025-12-15,Sports
"Amazing quality product, very durable and well-made. Worth every penny!",4,2025-11-02,Fashion
Decent product overall. Has some minor issues but functional.,3,2024-08-24,Sports
Outstanding performance. Battery life is exceptional. Great brand.,5,2025-03-30,Fashion
Outstanding performance. Battery life is exceptional. Great brand.,5,2024-09-19,Home & Kitchen
Great value for money. The design is sleek and modern. Highly recommend!,5,2024-11-01,Sports
Excellent performance and fast delivery. Will definitely buy again.,5,2026-07-02,Fashion
"Super easy to use, intuitive interface. Works perfectly as described.",4,2026-06-08,Electronics
Overpriced and underperformed. The design looks cheap in person.,2,2026-03-13,Fashion
Best product I have ever bought. Customer service was fantastic too.,5,2025-06-18,Sports
Average quality. Price is fair for what you get.,3,2026-03-28,Fashion
Excellent performance and fast delivery. Will definitely buy again.,5,2025-07-13,Fashion
Perfect product for the price. Fast shipping and well packaged.,4,2024-08-24,Home & Kitchen
Works as expected. Delivery was on time. Pretty standard.,3,2025-09-05,Electronics
Perfect product for the price. Fast shipping and well packaged.,4,2024-09-23,Electronics
Incredible build quality. Very sturdy and reliable. Love the design!,5,2025-08-01,Sports
Outstanding performance. Battery life is exceptional. Great brand.,5,2025-11-16,Sports
Best product I have ever bought. Customer service was fantastic too.,5,2026-07-11,Home & Kitchen
Works as expected. Delivery was on time. Pretty standard.,3,2026-07-13,Sports
Very expensive for the quality offered. Broke after 2 weeks of use.,2,2025-02-28,Home & Kitchen
Product is okay. Nothing special but does the job.,3,2026-01-04,Sports
Highly recommend this product. Excellent features and top notch quality.,4,2025-09-20,Electronics
"Premium quality, exactly what I expected. Very satisfied with my purchase.",5,2024-07-23,Electronics
"Not bad, not great. Some features could be improved.",3,2025-01-04,Electronics
Decent product overall. Has some minor issues but functional.,3,2026-02-28,Sports
Great value for money. The design is sleek and modern. Highly recommend!,4,2024-08-26,Fashion
Incredible build quality. Very sturdy and reliable. Love the design!,5,2026-07-04,Fashion
Very expensive for the quality offered. Broke after 2 weeks of use.,1,2024-11-11,Electronics
Works as expected. Delivery was on time. Pretty standard.,3,2025-01-13,Sports
Product is okay. Nothing special but does the job.,3,2024-12-13,Home & Kitchen
Average quality. Price is fair for what you get.,3,2025-08-17,Electronics
